{"offset": 0.5820111132838712, "multiplier": 0.9161486945644995}